,new,original
252,0.001376344170421362,0.025624366248957812
504,0.0019889454101212323,0.026717219159472734
756,0.00263801250141114,0.02782231792109087
1008,0.0032858554203994573,0.027763626659289
1260,0.003951623339671642,0.028850035408977417
1512,0.004599736670497805,0.02933430958073586
1764,0.005269796669017524,0.03004711041925475
2016,0.005912397499196231,0.030729103330522776
2268,0.0065573816699907184,0.03141311708139256
2520,0.0074509741691872475,0.03245560791809112
