,new,original
50,0.0013051616703160108,0.02532220833003521
100,0.00532464292133227,0.0733448762493208
150,0.010872876669745892,0.11622207375010475
200,0.01986505791079253,0.17463649292010813
250,0.030726105000358075,0.21283889499958605
300,0.04234296042006463,0.275088782091625
350,0.06423905209172517,0.31750836291816087
400,0.07611046417150646,0.3717658608290367
450,0.10027546167140827,0.4355866216705181
500,0.1299483554181643,0.4908743237517774
